{
  "_fv": 39,
  "_type": "dimension",
  "definition": {
    "biomesInDimension": [
      {
        "value": "CUSTOM:OsmiumBiome"
      }
    ],
    "worldGenType": "Nether like gen",
    "mainFillerBlock": {
      "value": "CUSTOM:OsmiumBlock"
    },
    "fluidBlock": {
      "value": "Blocks.FLOWING_LAVA"
    },
    "canRespawnHere": false,
    "hasFog": false,
    "isDark": false,
    "doesWaterVaporize": false,
    "sleepResult": "BED_EXPLODES",
    "hasSkyLight": false,
    "imitateOverworldBehaviour": false,
    "portalFrame": {
      "value": "CUSTOM:OsmiumBlock"
    },
    "portalParticles": {
      "value": "PORTAL"
    },
    "portalLuminance": 0,
    "portalSound": {
      "value": "block.portal.ambient"
    },
    "igniterName": "Osmium Dimension Portal Key",
    "igniterTab": {
      "value": "MISC"
    },
    "texture": "key",
    "portalTexture": "white_portal_75",
    "enablePortal": true
  }
}