{
  "_fv": 39,
  "_type": "recipe",
  "definition": {
    "recipeType": "Crafting",
    "xpReward": 0.0,
    "cookingTime": 200,
    "recipeRetstackSize": 4,
    "group": "",
    "recipeShapeless": false,
    "recipeSlots": [
      {
        "value": "CUSTOM:Sapphire"
      },
      {
        "value": "CUSTOM:Sapphire"
      },
      {
        "value": "CUSTOM:Sapphire"
      },
      {
        "value": "CUSTOM:Sapphire"
      },
      {
        "value": "Blocks.GLASS"
      },
      {
        "value": "CUSTOM:Sapphire"
      },
      {
        "value": "CUSTOM:Sapphire"
      },
      {
        "value": "CUSTOM:Sapphire"
      },
      {
        "value": "CUSTOM:Sapphire"
      }
    ],
    "recipeReturnStack": {
      "value": "CUSTOM:RenforcedGlassBlock"
    },
    "name": "reinforced_glass_recipe",
    "namespace": "mod"
  }
}