{
  "_fv": 39,
  "_type": "achievement",
  "definition": {
    "achievementName": "What?",
    "achievementDescription": "Enter The Osmium Dimension",
    "achievementIcon": {
      "value": "CUSTOM:Osmium"
    },
    "background": "Default",
    "disableDisplay": false,
    "showPopup": true,
    "announceToChat": true,
    "hideIfNotCompleted": false,
    "rewardLoot": [],
    "rewardRecipes": [],
    "rewardFunction": "No function",
    "rewardXP": 15,
    "achievementType": "task",
    "parent": {
      "value": "No parent: root"
    },
    "triggerxml": "<xml xmlns=\"https://developers.google.com/blockly/xml\"><block type=\"dimension_entered\" x=\"40\" y=\"43\"><field name=\"dimension\">CUSTOM:OsmiumDimension</field><next><block type=\"advancement_trigger\" deletable=\"false\"></block></next></block></xml>"
  }
}