{
  "_fv": 39,
  "_type": "fluid",
  "definition": {
    "name": "Liquified Osmium",
    "bucketName": "Liquified Osmium Bucket",
    "textureStill": "liquifiedosmium",
    "textureFlowing": "liquifiedosmium",
    "tintType": "No tint",
    "canMultiply": false,
    "flowRate": 11,
    "levelDecrease": 1,
    "slopeFindDistance": 4,
    "spawnParticles": false,
    "dripParticle": {
      "value": "EXPLOSION_NORMAL"
    },
    "flowStrength": 1.0,
    "luminosity": 0,
    "density": 1000,
    "viscosity": 1000,
    "temperature": 300,
    "type": "LAVA",
    "generateBucket": true,
    "textureBucket": "osmiumbucket",
    "creativeTab": {
      "value": "MISC"
    },
    "emptySound": {
      "value": "item.bucket.empty_lava"
    },
    "rarity": "COMMON",
    "specialInfo": [],
    "resistance": 100.0,
    "luminance": 0,
    "lightOpacity": 1,
    "emissiveRendering": false,
    "tickRate": 10,
    "flammability": 0,
    "fireSpreadSpeed": 0,
    "colorOnMap": "DEFAULT"
  }
}