{
  "_fv": 39,
  "_type": "recipe",
  "definition": {
    "recipeType": "Crafting",
    "xpReward": 0.0,
    "cookingTime": 200,
    "recipeRetstackSize": 1,
    "group": "",
    "recipeShapeless": false,
    "recipeSlots": [
      {
        "value": "CUSTOM:ObsidianNugget"
      },
      {
        "value": "CUSTOM:ObsidianNugget"
      },
      {
        "value": "CUSTOM:ObsidianNugget"
      },
      {
        "value": "CUSTOM:ObsidianNugget"
      },
      {
        "value": "CUSTOM:ObsidianNugget"
      },
      {
        "value": "CUSTOM:ObsidianNugget"
      },
      {
        "value": "CUSTOM:ObsidianNugget"
      },
      {
        "value": "CUSTOM:ObsidianNugget"
      },
      {
        "value": "CUSTOM:ObsidianNugget"
      }
    ],
    "recipeReturnStack": {
      "value": "Blocks.OBSIDIAN"
    },
    "name": "obsidian_recipe_with_nuggets",
    "namespace": "mod"
  }
}