{
  "_fv": 43,
  "_type": "recipe",
  "definition": {
    "recipeType": "Smelting",
    "recipeRetstackSize": 1,
    "group": "",
    "cookingBookCategory": "MISC",
    "xpReward": 10.0,
    "cookingTime": 200,
    "craftingBookCategory": "MISC",
    "recipeShapeless": false,
    "smeltingInputStack": {
      "value": "CUSTOM:ObsidianOre"
    },
    "smeltingReturnStack": {
      "value": "CUSTOM:ObsidianNugget"
    },
    "name": "obsidian_nugget_smelt",
    "namespace": "mod"
  }
}