{
  "_fv": 43,
  "_type": "recipe",
  "definition": {
    "recipeType": "Smelting",
    "recipeRetstackSize": 1,
    "group": "",
    "cookingBookCategory": "MISC",
    "xpReward": 5.0,
    "cookingTime": 200,
    "craftingBookCategory": "MISC",
    "recipeShapeless": false,
    "smeltingInputStack": {
      "value": "CUSTOM:Osmium"
    },
    "smeltingReturnStack": {
      "value": "CUSTOM:LiquifiedOsmium.bucket"
    },
    "name": "smelt_osmium",
    "namespace": "mod"
  }
}